<?xml version="1.0" encoding="UTF-8"?>
<bean:beans xmlns:bean="http://www.springframework.org/schema/beans"
  xmlns:xsi="http://www.w3.org/2001/XMLSchema-instance"
  xmlns="http://www.springframework.org/schema/security"
  xsi:schemaLocation="http://www.springframework.org/schema/beans
    http://www.springframework.org/schema/beans/spring-beans.xsd
    http://www.springframework.org/schema/security
    http://www.springframework.org/schema/security/spring-security.xsd">
    
    <!-- Definición de seguridad para los accesos -->
    <http auto-config="true">
        <!-- Configurar rutas públicas -->
        <intercept-url pattern="/" access="permitAll" />
<!--         <intercept-url pattern="/api/*" access="hasAnyAuthority ('administrativo')" /> -->
        <intercept-url pattern="/contacto" access="hasAnyAuthority ('cliente')" />
        <intercept-url pattern="/crearusuario" access="hasAnyAuthority ('administrativo')" />
        <intercept-url pattern="/listarcapacitacion" access="hasAnyAuthority ('cliente')" />
        <intercept-url pattern="/crearcapacitacion" access="hasAnyAuthority ('cliente')" />
        <intercept-url pattern="/listarPagos" access="hasAnyAuthority ('administrativo')" />
        <intercept-url pattern="/crearPago" access="hasAnyAuthority ('administrativo')" />
        <intercept-url pattern="/listarVisitas" access="hasAnyAuthority ('profesional')" />
        <intercept-url pattern="/listarusuarios" access="hasAnyAuthority ('administrativo')" />
        
        <!-- Configuración de login -->
        <form-login 
            login-page="/login"
            authentication-failure-url="/error"
            username-parameter="username" 
            password-parameter="password" />
        <csrf disabled="true"/>
            
        <!-- Configuración de logout -->
        <logout logout-url="/logout" logout-success-url="/" />
            
    </http>
        
	 <!-- Configuración de autenticación en memoria (para pruebas) -->
	    <authentication-manager>
	        <authentication-provider>
	            <password-encoder hash="bcrypt" />
	            <user-service>
	                <user name="usuarioC" password="$2a$10$UfwgcpGonJ.lZXMYHA4JfucovlUI2EbZ/.soSGiJAKSo0EA2NncQG" authorities="cliente" />
	                <user name="usuarioA" password="$2a$10$UfwgcpGonJ.lZXMYHA4JfucovlUI2EbZ/.soSGiJAKSo0EA2NncQG" authorities="administrativo" />
	                 <user name="usuarioP" password="$2a$10$UfwgcpGonJ.lZXMYHA4JfucovlUI2EbZ/.soSGiJAKSo0EA2NncQG" authorities="profesional" />
	            </user-service>
	            
<!-- 	            <jdbc-user-service data-source-ref="ds"
				users-by-username-query="select username, password, 1 as enable from usuarios where username = ?"
				authorities-by-username-query="select username, role as authority from usuarios where username = ?"/> -->
				
	        </authentication-provider>
	    </authentication-manager>
	
	</bean:beans>
